-- phpMyAdmin SQL Dump
-- version 5.0.4
-- https://www.phpmyadmin.net/
--
-- Hôte : localhost
-- Version de PHP : 8.0.5

SET SQL_MODE = "NO_AUTO_VALUE_ON_ZERO";
START TRANSACTION;
SET time_zone = "+00:00";


/*!40101 SET @OLD_CHARACTER_SET_CLIENT=@@CHARACTER_SET_CLIENT */;
/*!40101 SET @OLD_CHARACTER_SET_RESULTS=@@CHARACTER_SET_RESULTS */;
/*!40101 SET @OLD_COLLATION_CONNECTION=@@COLLATION_CONNECTION */;
/*!40101 SET NAMES utf8mb4 */;

--
-- Base de données : `dev_kercode`
--

-- --------------------------------------------------------

--
-- Structure de la table `aimer`
--

CREATE TABLE `aimer` (
  `idR` bigint(20) NOT NULL,
  `mailU` varchar(150) NOT NULL
) ENGINE=InnoDB DEFAULT CHARSET=utf8mb4;

--
-- Déchargement des données de la table `aimer`
--

INSERT INTO `aimer` (`idR`, `mailU`) VALUES
(10, 'alex@gmail.dom'),
(1, 'mathieu@gmail.dom'),
(2, 'mathieu@gmail.dom'),
(3, 'mathieu@gmail.dom'),
(4, 'mathieu@gmail.dom'),
(7, 'mathieu@gmail.dom'),
(8, 'mathieu@gmail.dom'),
(1, 'michel@gmail.dom'),
(11, 'nicolas@gmail.dom'),
(4, 'test@kercode.dev'),
(6, 'test@kercode.dev'),
(7, 'test@kercode.dev'),
(8, 'test@kercode.dev'),
(1, 'yann@mail.fr'),
(8, 'yann@mail.fr');

-- --------------------------------------------------------

--
-- Structure de la table `critiquer`
--

CREATE TABLE `critiquer` (
  `idR` bigint(20) NOT NULL,
  `mailU` varchar(150) NOT NULL,
  `note` int(11) DEFAULT NULL,
  `commentaire` varchar(4096) DEFAULT NULL
) ENGINE=InnoDB DEFAULT CHARSET=utf8mb4;

--
-- Déchargement des données de la table `critiquer`
--

INSERT INTO `critiquer` (`idR`, `mailU`, `note`, `commentaire`) VALUES
(1, 'jj@gmail.dom', 3, 'moyen'),
(1, 'mathieu@gmail.dom', 3, 'Très bonne entrecote, les frites sont maisons et delicieuses.'),
(1, 'nicolas@gmail.dom', 4, 'Très bon accueil.'),
(1, 'test@kercode.dev', 4, '5/5 parce que j\'aime les entrecotes'),
(1, 'yann@mail.com', 5, NULL),
(2, 'jj@gmail.dom', 2, 'bof.'),
(2, 'mathieu@gmail.dom', 1, 'À éviter...'),
(2, 'nicolas@gmail.dom', 1, 'Cuisine tres moyenne.'),
(2, 'test@kercode.dev', 5, NULL),
(4, 'mathieu@gmail.dom', 5, NULL),
(4, 'nicolas@gmail.dom', 5, 'Rapide.'),
(5, 'nicolas@gmail.dom', 3, 'Cuisine correcte.'),
(6, 'nicolas@gmail.dom', 4, 'Cuisine de qualité.'),
(7, 'alex@gmail.dom', 4, 'Bon accueil.'),
(7, 'mathieu@gmail.dom', NULL, NULL),
(7, 'nicolas@gmail.dom', 5, 'Excellent.'),
(8, 'test@kercode.dev', 1, NULL),
(8, 'yann@mail.com', 4, NULL),
(9, 'mathieu@gmail.dom', 4, 'Très bon accueil :)');

-- --------------------------------------------------------

--
-- Structure de la table `photo`
--

CREATE TABLE `photo` (
  `idP` bigint(20) NOT NULL,
  `cheminP` varchar(255) DEFAULT NULL,
  `idR` bigint(20) DEFAULT NULL
) ENGINE=InnoDB DEFAULT CHARSET=utf8mb4;

--
-- Déchargement des données de la table `photo`
--

INSERT INTO `photo` (`idP`, `cheminP`, `idR`) VALUES
(0, 'entrepote.jpg', 1),
(2, 'sapporo.jpg', 3),
(3, 'entrepote.jpg', 1),
(4, 'barDuCharcutier.jpg', 2),
(6, 'cidrerieDuFronton.jpg', 4),
(7, 'agadir.jpg', 5),
(8, 'leBistrotSainteCluque.jpg', 6),
(9, 'auberge.jpg', 7),
(10, 'laTableDePottoka.jpg', 8),
(11, 'rotisserieDuRoyLeon.jpg', 9),
(12, 'barDuMarche.jpg', 10),
(13, 'trinquetModerne.jpg', 11),
(14, 'cidrerieDuFronton2.jpg', 4),
(15, 'cidrerieDuFronton3.jpg', 4);

-- --------------------------------------------------------

--
-- Structure de la table `preferer`
--

CREATE TABLE `preferer` (
  `mailU` varchar(150) NOT NULL,
  `idTC` bigint(20) NOT NULL
) ENGINE=InnoDB DEFAULT CHARSET=utf8mb4;

--
-- Déchargement des données de la table `preferer`
--

INSERT INTO `preferer` (`mailU`, `idTC`) VALUES
('mathieu@gmail.dom', 1),
('michel@gmail.dom', 1),
('nicolas@gmail.dom', 1),
('test@kercode.dev', 1),
('yann@mail.com', 1),
('michel@gmail.dom', 2),
('nicolas@gmail.dom', 2),
('test@kercode.dev', 2),
('michel@gmail.dom', 3),
('test@kercode.dev', 3),
('mathieu@gmail.dom', 5),
('yann@mail.com', 7),
('mathieu@gmail.dom', 9),
('yann@mail.com', 9),
('mathieu@gmail.dom', 10),
('michel@gmail.dom', 10),
('test@kercode.dev', 10),
('yann@mail.com', 10),
('mathieu@gmail.dom', 11),
('nicolas@gmail.dom', 11),
('test@kercode.dev', 11),
('yann@mail.com', 11);

-- --------------------------------------------------------

--
-- Structure de la table `proposer`
--

CREATE TABLE `proposer` (
  `idR` bigint(20) NOT NULL,
  `idTC` bigint(20) NOT NULL
) ENGINE=InnoDB DEFAULT CHARSET=utf8mb4;

--
-- Déchargement des données de la table `proposer`
--

INSERT INTO `proposer` (`idR`, `idTC`) VALUES
(1, 1),
(2, 1),
(4, 1),
(10, 1),
(11, 1),
(3, 3),
(5, 3),
(7, 6),
(4, 8),
(6, 10),
(9, 10),
(11, 10),
(4, 11),
(8, 11);

-- --------------------------------------------------------

--
-- Structure de la table `resto`
--

CREATE TABLE `resto` (
  `idR` bigint(20) NOT NULL,
  `nomR` varchar(255) DEFAULT NULL,
  `numAdrR` varchar(20) DEFAULT NULL,
  `voieAdrR` varchar(255) DEFAULT NULL,
  `cpR` char(5) DEFAULT NULL,
  `villeR` varchar(255) DEFAULT NULL,
  `latitudeDegR` float DEFAULT NULL,
  `longitudeDegR` float DEFAULT NULL,
  `descR` text,
  `horairesR` text
) ENGINE=InnoDB DEFAULT CHARSET=utf8mb4;

--
-- Déchargement des données de la table `resto`
--

INSERT INTO `resto` (`idR`, `nomR`, `numAdrR`, `voieAdrR`, `cpR`, `villeR`, `latitudeDegR`, `longitudeDegR`, `descR`, `horairesR`) VALUES
(1, 'l\'entrepote', '2', 'rue Maurice Ravel', '33000', 'Bordeaux', 44.7948, -0.58754, 'description', '<table>\n    <thead>\n        <tr>\n            <th>Ouverture</th><th>Semaine</th>	<th>Week-end</th>\n        </tr>\n    </thead>\n    <tbody>\n        <tr>\n            <td class=\"label\">Midi</td>\n            <td class=\"cell\">de 11h45 à 14h30</td>\n            <td class=\"cell\">de 11h45 à 15h00</td>\n        </tr>\n        <tr>\n            <td class=\"label\">Soir</td>\n            <td class=\"cell\">de 18h45 à 22h30</td>\n            <td class=\"cell\">de 18h45 à 1h</td>	\n        </tr>\n        <tr>\n            <td class=\"label\">À emporter</td>\n            <td class=\"cell\">de 11h30 à 23h</td>\n            <td class=\"cell\">de 11h30 à 2h</td>\n        </tr>\n    </tbody>\n</table>'),
(2, 'le bar du charcutier', '30', 'rue Parlement Sainte-Catherine', '33000', 'Bordeaux', NULL, NULL, 'description', '<table>\r\n    <thead>\r\n        <tr>\r\n            <th>Ouverture</th><th>Semaine</th>	<th>Week-end</th>\r\n        </tr>\r\n    </thead>\r\n    <tbody>\r\n        <tr>\r\n            <td class=\"label\">Midi</td>\r\n            <td class=\"cell\">de 11h45 à 14h30</td>\r\n            <td class=\"cell\">de 11h45 à 15h00</td>\r\n        </tr>\r\n        <tr>\r\n            <td class=\"label\">Soir</td>\r\n            <td class=\"cell\">de 18h45 à 22h30</td>\r\n            <td class=\"cell\">de 18h45 à 1h</td>	\r\n        </tr>\r\n        <tr>\r\n            <td class=\"label\">À emporter</td>\r\n            <td class=\"cell\">de 11h30 à 23h</td>\r\n            <td class=\"cell\">de 11h30 à 2h</td>\r\n        </tr>\r\n    </tbody>\r\n</table>'),
(3, 'Sapporo', '33', 'rue Saint Rémi', '33000', 'Bordeaux', NULL, NULL, 'Le Sapporo propose à ses clients de délicieux plats typiques japonais.', '<table>\r\n    <thead>\r\n        <tr>\r\n            <th>Ouverture</th><th>Semaine</th>	<th>Week-end</th>\r\n        </tr>\r\n    </thead>\r\n    <tbody>\r\n        <tr>\r\n            <td class=\"label\">Midi</td>\r\n            <td class=\"cell\">de 11h45 à 14h30</td>\r\n            <td class=\"cell\">de 11h45 à 15h00</td>\r\n        </tr>\r\n        <tr>\r\n            <td class=\"label\">Soir</td>\r\n            <td class=\"cell\">de 18h45 à 22h30</td>\r\n            <td class=\"cell\">de 18h45 à 1h</td>	\r\n        </tr>\r\n        <tr>\r\n            <td class=\"label\">À emporter</td>\r\n            <td class=\"cell\">de 11h30 à 23h</td>\r\n            <td class=\"cell\">de 11h30 à 2h</td>\r\n        </tr>\r\n    </tbody>\r\n</table>'),
(4, 'Cidrerie du fronton', NULL, 'Place du Fronton', '64210', 'Arbonne', NULL, NULL, 'description', '<table>\r\n    <thead>\r\n        <tr>\r\n            <th>Ouverture</th><th>Semaine</th>	<th>Week-end</th>\r\n        </tr>\r\n    </thead>\r\n    <tbody>\r\n        <tr>\r\n            <td class=\"label\">Midi</td>\r\n            <td class=\"cell\">de 11h45 à 14h30</td>\r\n            <td class=\"cell\">de 11h45 à 15h00</td>\r\n        </tr>\r\n        <tr>\r\n            <td class=\"label\">Soir</td>\r\n            <td class=\"cell\">de 18h45 à 22h30</td>\r\n            <td class=\"cell\">de 18h45 à 1h</td>	\r\n        </tr>\r\n        <tr>\r\n            <td class=\"label\">À emporter</td>\r\n            <td class=\"cell\">de 11h30 à 23h</td>\r\n            <td class=\"cell\">de 11h30 à 2h</td>\r\n        </tr>\r\n    </tbody>\r\n</table>'),
(5, 'Agadir', '3', 'Rue Sainte-Catherine', '64100', 'Bayonne', NULL, NULL, 'description', '<table>\r\n    <thead>\r\n        <tr>\r\n            <th>Ouverture</th><th>Semaine</th>	<th>Week-end</th>\r\n        </tr>\r\n    </thead>\r\n    <tbody>\r\n        <tr>\r\n            <td class=\"label\">Midi</td>\r\n            <td class=\"cell\">de 11h45 à 14h30</td>\r\n            <td class=\"cell\">de 11h45 à 15h00</td>\r\n        </tr>\r\n        <tr>\r\n            <td class=\"label\">Soir</td>\r\n            <td class=\"cell\">de 18h45 à 22h30</td>\r\n            <td class=\"cell\">de 18h45 à 1h</td>	\r\n        </tr>\r\n        <tr>\r\n            <td class=\"label\">À emporter</td>\r\n            <td class=\"cell\">de 11h30 à 23h</td>\r\n            <td class=\"cell\">de 11h30 à 2h</td>\r\n        </tr>\r\n    </tbody>\r\n</table>'),
(6, 'Le Bistrot Sainte Cluque', '9', 'Rue Hugues', '64100', 'Bayonne', NULL, NULL, 'description', '<table>\r\n    <thead>\r\n        <tr>\r\n            <th>Ouverture</th><th>Semaine</th>	<th>Week-end</th>\r\n        </tr>\r\n    </thead>\r\n    <tbody>\r\n        <tr>\r\n            <td class=\"label\">Midi</td>\r\n            <td class=\"cell\">de 11h45 à 14h30</td>\r\n            <td class=\"cell\">de 11h45 à 15h00</td>\r\n        </tr>\r\n        <tr>\r\n            <td class=\"label\">Soir</td>\r\n            <td class=\"cell\">de 18h45 à 22h30</td>\r\n            <td class=\"cell\">de 18h45 à 1h</td>	\r\n        </tr>\r\n        <tr>\r\n            <td class=\"label\">À emporter</td>\r\n            <td class=\"cell\">de 11h30 à 23h</td>\r\n            <td class=\"cell\">de 11h30 à 2h</td>\r\n        </tr>\r\n    </tbody>\r\n</table>'),
(7, 'la petite auberge', '15', 'rue des cordeliers', '64100', 'Bayonne', NULL, NULL, 'description', '<table>\r\n    <thead>\r\n        <tr>\r\n            <th>Ouverture</th><th>Semaine</th>	<th>Week-end</th>\r\n        </tr>\r\n    </thead>\r\n    <tbody>\r\n        <tr>\r\n            <td class=\"label\">Midi</td>\r\n            <td class=\"cell\">de 11h45 à 14h30</td>\r\n            <td class=\"cell\">de 11h45 à 15h00</td>\r\n        </tr>\r\n        <tr>\r\n            <td class=\"label\">Soir</td>\r\n            <td class=\"cell\">de 18h45 à 22h30</td>\r\n            <td class=\"cell\">de 18h45 à 1h</td>	\r\n        </tr>\r\n        <tr>\r\n            <td class=\"label\">À emporter</td>\r\n            <td class=\"cell\">de 11h30 à 23h</td>\r\n            <td class=\"cell\">de 11h30 à 2h</td>\r\n        </tr>\r\n    </tbody>\r\n</table>'),
(8, 'La table de POTTOKA', '21', 'Quai Amiral Dubourdieu', '64100', 'Bayonne', NULL, NULL, 'description', '<table>\r\n    <thead>\r\n        <tr>\r\n            <th>Ouverture</th><th>Semaine</th>	<th>Week-end</th>\r\n        </tr>\r\n    </thead>\r\n    <tbody>\r\n        <tr>\r\n            <td class=\"label\">Midi</td>\r\n            <td class=\"cell\">de 11h45 à 14h30</td>\r\n            <td class=\"cell\">de 11h45 à 15h00</td>\r\n        </tr>\r\n        <tr>\r\n            <td class=\"label\">Soir</td>\r\n            <td class=\"cell\">de 18h45 à 22h30</td>\r\n            <td class=\"cell\">de 18h45 à 1h</td>	\r\n        </tr>\r\n        <tr>\r\n            <td class=\"label\">À emporter</td>\r\n            <td class=\"cell\">de 11h30 à 23h</td>\r\n            <td class=\"cell\">de 11h30 à 2h</td>\r\n        </tr>\r\n    </tbody>\r\n</table>'),
(9, 'La Rotisserie du Roy Léon', '8', 'rue de coursic', '64100', 'Bayonne', NULL, NULL, 'description', '<table>\r\n    <thead>\r\n        <tr>\r\n            <th>Ouverture</th><th>Semaine</th>	<th>Week-end</th>\r\n        </tr>\r\n    </thead>\r\n    <tbody>\r\n        <tr>\r\n            <td class=\"label\">Midi</td>\r\n            <td class=\"cell\">de 11h45 à 14h30</td>\r\n            <td class=\"cell\">de 11h45 à 15h00</td>\r\n        </tr>\r\n        <tr>\r\n            <td class=\"label\">Soir</td>\r\n            <td class=\"cell\">de 18h45 à 22h30</td>\r\n            <td class=\"cell\">de 18h45 à 1h</td>	\r\n        </tr>\r\n        <tr>\r\n            <td class=\"label\">À emporter</td>\r\n            <td class=\"cell\">de 11h30 à 23h</td>\r\n            <td class=\"cell\">de 11h30 à 2h</td>\r\n        </tr>\r\n    </tbody>\r\n</table>'),
(10, 'Bar du Marché', '39', 'Rue des Basques', '64100', 'Bayonne', NULL, NULL, 'description', '<table>\r\n    <thead>\r\n        <tr>\r\n            <th>Ouverture</th><th>Semaine</th>	<th>Week-end</th>\r\n        </tr>\r\n    </thead>\r\n    <tbody>\r\n        <tr>\r\n            <td class=\"label\">Midi</td>\r\n            <td class=\"cell\">de 11h45 à 14h30</td>\r\n            <td class=\"cell\">de 11h45 à 15h00</td>\r\n        </tr>\r\n        <tr>\r\n            <td class=\"label\">Soir</td>\r\n            <td class=\"cell\">de 18h45 à 22h30</td>\r\n            <td class=\"cell\">de 18h45 à 1h</td>	\r\n        </tr>\r\n        <tr>\r\n            <td class=\"label\">À emporter</td>\r\n            <td class=\"cell\">de 11h30 à 23h</td>\r\n            <td class=\"cell\">de 11h30 à 2h</td>\r\n        </tr>\r\n    </tbody>\r\n</table>'),
(11, 'Trinquet Moderne', '60', 'Avenue Dubrocq', '64100', 'Bayonne', NULL, NULL, 'description', '<table>\r\n    <thead>\r\n        <tr>\r\n            <th>Ouverture</th><th>Semaine</th>	<th>Week-end</th>\r\n        </tr>\r\n    </thead>\r\n    <tbody>\r\n        <tr>\r\n            <td class=\"label\">Midi</td>\r\n            <td class=\"cell\">de 11h45 à 14h30</td>\r\n            <td class=\"cell\">de 11h45 à 15h00</td>\r\n        </tr>\r\n        <tr>\r\n            <td class=\"label\">Soir</td>\r\n            <td class=\"cell\">de 18h45 à 22h30</td>\r\n            <td class=\"cell\">de 18h45 à 1h</td>	\r\n        </tr>\r\n        <tr>\r\n            <td class=\"label\">À emporter</td>\r\n            <td class=\"cell\">de 11h30 à 23h</td>\r\n            <td class=\"cell\">de 11h30 à 2h</td>\r\n        </tr>\r\n    </tbody>\r\n</table>');

-- --------------------------------------------------------

--
-- Structure de la table `typeCuisine`
--

CREATE TABLE `typeCuisine` (
  `idTC` bigint(20) NOT NULL,
  `libelleTC` varchar(255) DEFAULT NULL
) ENGINE=InnoDB DEFAULT CHARSET=utf8mb4;

--
-- Déchargement des données de la table `typeCuisine`
--

INSERT INTO `typeCuisine` (`idTC`, `libelleTC`) VALUES
(1, 'sud ouest'),
(2, 'japonaise'),
(3, 'orientale'),
(4, 'fastfood'),
(5, 'vegetarienne'),
(6, 'vegan'),
(7, 'crepe'),
(8, 'sandwich'),
(9, 'tartes'),
(10, 'viande'),
(11, 'grillade');

-- --------------------------------------------------------

--
-- Structure de la table `utilisateur`
--

CREATE TABLE `utilisateur` (
  `mailU` varchar(150) NOT NULL,
  `mdpU` varchar(50) DEFAULT NULL,
  `pseudoU` varchar(50) DEFAULT NULL
) ENGINE=InnoDB DEFAULT CHARSET=utf8mb4;

--
-- Déchargement des données de la table `utilisateur`
--

INSERT INTO `utilisateur` (`mailU`, `mdpU`, `pseudoU`) VALUES
('alex@gmail.dom', '$1$zvN5hYSQSQDFUIQSdufUQSDFznHF5osT.', '@lex'),
('jj@gmail.dom', '$1$zvN5hYMI$SDFGSDFGJqJSDJF.', 'drskott'),
('mathieu@gmail.dom', 'seSzpoUAQgIl.', 'pich'),
('michel@gmail.dom', '$1$zvN5hYMI$VSatLQ6SDFGdsfgznHF5osT.', 'Mitch'),
('nicolas@gmail.dom', '$1$zvNDSFQSdfqsDfQsdfsT.', 'Nico40'),
('test@kercode.dev', 'seZmYlnOT0UjQ', 'testeur KERCODE'),
('yann@mail.com', 'sej6dETYl/ea.', 'yann');

--
-- Index pour les tables déchargées
--

--
-- Index pour la table `aimer`
--
ALTER TABLE `aimer`
  ADD PRIMARY KEY (`idR`,`mailU`),
  ADD KEY `mailU` (`mailU`);

--
-- Index pour la table `critiquer`
--
ALTER TABLE `critiquer`
  ADD PRIMARY KEY (`idR`,`mailU`),
  ADD KEY `mailU` (`mailU`);

--
-- Index pour la table `photo`
--
ALTER TABLE `photo`
  ADD PRIMARY KEY (`idP`),
  ADD KEY `idR` (`idR`);

--
-- Index pour la table `preferer`
--
ALTER TABLE `preferer`
  ADD PRIMARY KEY (`mailU`,`idTC`),
  ADD KEY `idTC` (`idTC`);

--
-- Index pour la table `proposer`
--
ALTER TABLE `proposer`
  ADD PRIMARY KEY (`idR`,`idTC`),
  ADD KEY `idTC` (`idTC`);

--
-- Index pour la table `resto`
--
ALTER TABLE `resto`
  ADD PRIMARY KEY (`idR`);

--
-- Index pour la table `typeCuisine`
--
ALTER TABLE `typeCuisine`
  ADD PRIMARY KEY (`idTC`);

--
-- Index pour la table `utilisateur`
--
ALTER TABLE `utilisateur`
  ADD PRIMARY KEY (`mailU`);
COMMIT;

/*!40101 SET CHARACTER_SET_CLIENT=@OLD_CHARACTER_SET_CLIENT */;
/*!40101 SET CHARACTER_SET_RESULTS=@OLD_CHARACTER_SET_RESULTS */;
/*!40101 SET COLLATION_CONNECTION=@OLD_COLLATION_CONNECTION */;
